train/loss/total,train/acc/total,epoch,step
5.762072563171387,0.13671875,4,49
4.89080286026001,0.1713169664144516,9,99
