train/loss/total,train/acc/total,epoch,step
5.954981327056885,0.1277901828289032,4,49
4.9356369972229,0.1875000149011612,9,99
