train/loss/total,train/acc/total,epoch,step
5.837328910827637,0.1166294664144516,4,49
